,first_name, last_name, birthts,404: Not Found
0,Susan, Lee,612302400000.0,
1,Rosa, Garcia,670626000000.0,
2,Nathan, Emery,697237200000.0,
3,Vernon, Evans,633733200000.0,
4,Maria, Crooks,1051214400000.0,
5,Sharon, Lang,700606800000.0,
6,Rick, Mayfield,412549200000.0,
7,Eddie, Baumbach,874526400000.0,
8,Coletta, Haring,768081600000.0,
9,Margaret, Smith,388612800000.0,
10,James, Martin,879627600000.0,
11,Glen, Martin,636066000000.0,
12,Debbie, Mooney,423086400000.0,
13,Shaneka, Cook,752533200000.0,
14,Kim, Moore,403218000000.0,
15,Lorraine, Bingham,891288000000.0,
16,Betty, Partin,467240400000.0,
17,Lewis, Erickson,642283200000.0,
18,Jenee, Crouse,429566400000.0,
19,Wendy, Jarrette,650145600000.0,
20,Becky, Hanner,883429200000.0,
21,Ray, Nunes,352501200000.0,
22,John, Rose,919630800000.0,
23,Michael, Diaz,630277200000.0,
24,William, Quick,340059600000.0,
25,Dino, Miller,1074805200000.0,
26,James, Henry,954705600000.0,
27,Gregory, Pittman,398894400000.0,
28,Martha, Burwell,503269200000.0,
29,Jimmy, Deane,947365200000.0,
30,Kathleen, Gittens,921272400000.0,
31,Sidney, Woods,865972800000.0,
32,Robert, David,666997200000.0,
33,Jeanne, Shoup,1018468800000.0,
34,Brenda, Croyle,788302800000.0,
35,Adolph, Raymond,955915200000.0,
36,Ellen, Folkers,821394000000.0,
37,Patrick, Newell,853794000000.0,
38,Mary, Roman,750891600000.0,
39,Danielle, Robinson,887230800000.0,
40,Clara, Kimble,765403200000.0,
41,David, Bailey,1062446400000.0,
42,James, Nance,1063051200000.0,
43,John, Ramage,378507600000.0,
44,Christopher, Hardin,785883600000.0,
45,Suzanne, Ferguson,812581200000.0,
46,Margaret, Diaz,942872400000.0,
47,Kenneth, Osborn,793918800000.0,
48,Larry, Sanchez,1068930000000.0,
49,Brian, Brown,814050000000.0,
50,Warren, Green,443048400000.0,
51,Janet, Chavarria,1087588800000.0,
52,Carolyn, Seymore,385851600000.0,
53,Dorothy, Massey,356990400000.0,
54,Melissa, Denny,482011200000.0,
55,Jaclyn, Adams,614635200000.0,
56,Frances, Visher,906580800000.0,
57,Chad, Miller,971208000000.0,
58,Olivia, Stout,690674400000.0,
59,Wallace, Miller,821134800000.0,
60,Judith, Hatchett,925070400000.0,
61,Madelyn, Oliver,936907200000.0,
62,Robert, Kirk,506552400000.0,
63,Stephanie, Nelson,476571600000.0,
64,Barbara, Blankenship,655506000000.0,
65,Matthew, Bloom,531176400000.0,
66,Jeffrey, Mcdonald,686091600000.0,
67,Joseph, Carter,1081713600000.0,
68,Eloy, Florentino,848005200000.0,
69,David, Myles,432676800000.0,
70,Elizabeth, Hoover,334702800000.0,
71,Jerome, Weaver,1008795600000.0,
72,Morris, Hall,407019600000.0,
73,Myrtle, Ferro,840830400000.0,
74,Gisela, Patterson,464990400000.0,
75,Stacey, Bishop,493848000000.0,
76,Ray, Goins,933451200000.0,
77,Blake, Dickerson,508107600000.0,
78,David, May,601074000000.0,
79,Cindy, Wilcox,1021060800000.0,
80,Mary, Nelson,518644800000.0,
81,Amy, Smith,785710800000.0,
82,Joseph, Denton,463089600000.0,
83,Keith, Wiggin,461707200000.0,
84,Jody, Hochmuth,752446800000.0,
85,Beverly, Livesey,739224000000.0,
86,Nicole, Pharr,884552400000.0,
87,Aaron, Fox,1090094400000.0,
88,Rachel, Robinson,528148800000.0,
89,Leah, Costales,1072472400000.0,
90,Thomas, Williams,946501200000.0,
91,Opal, Morse,463780800000.0,
92,Alan, Mcgraw,469054800000.0,
93,Aaron, Towe,877809600000.0,
94,Cecil, Struck,416437200000.0,
95,Corey, Davis,1054411200000.0,
96,James, Peacock,503442000000.0,
97,John, Bausch,1013029200000.0,
98,Maria, Horton,702504000000.0,
99,Samuel, Ladner,815259600000.0,
