,user_id,first_name, last_name, birthts,img_path
0,0,Susan, Lee,612302400000,https://raw.githubusercontent.com/provectus/internship/main/dataeng/02-src-data/1000.jpg
1,1,Rosa, Garcia,670626000000,https://raw.githubusercontent.com/provectus/internship/main/dataeng/02-src-data/1001.jpg
2,2,Nathan, Emery,697237200000,https://raw.githubusercontent.com/provectus/internship/main/dataeng/02-src-data/1002.jpg
3,3,Vernon, Evans,633733200000,https://raw.githubusercontent.com/provectus/internship/main/dataeng/02-src-data/1003.jpg
4,4,Maria, Crooks,1051214400000,https://raw.githubusercontent.com/provectus/internship/main/dataeng/02-src-data/1004.jpg
5,5,Sharon, Lang,700606800000,https://raw.githubusercontent.com/provectus/internship/main/dataeng/02-src-data/1005.jpg
6,6,Rick, Mayfield,412549200000,https://raw.githubusercontent.com/provectus/internship/main/dataeng/02-src-data/1006.jpg
7,7,Eddie, Baumbach,874526400000,https://raw.githubusercontent.com/provectus/internship/main/dataeng/02-src-data/1007.jpg
8,8,Coletta, Haring,768081600000,https://raw.githubusercontent.com/provectus/internship/main/dataeng/02-src-data/1008.jpg
9,9,Margaret, Smith,388612800000,https://raw.githubusercontent.com/provectus/internship/main/dataeng/02-src-data/1009.jpg
10,10,James, Martin,879627600000,https://raw.githubusercontent.com/provectus/internship/main/dataeng/02-src-data/1010.jpg
11,11,Glen, Martin,636066000000,https://raw.githubusercontent.com/provectus/internship/main/dataeng/02-src-data/1011.jpg
12,12,Debbie, Mooney,423086400000,https://raw.githubusercontent.com/provectus/internship/main/dataeng/02-src-data/1012.jpg
13,13,Shaneka, Cook,752533200000,https://raw.githubusercontent.com/provectus/internship/main/dataeng/02-src-data/1013.jpg
14,14,Kim, Moore,403218000000,https://raw.githubusercontent.com/provectus/internship/main/dataeng/02-src-data/1014.jpg
15,15,Lorraine, Bingham,891288000000,https://raw.githubusercontent.com/provectus/internship/main/dataeng/02-src-data/1015.jpg
16,16,Betty, Partin,467240400000,https://raw.githubusercontent.com/provectus/internship/main/dataeng/02-src-data/1016.jpg
17,17,Lewis, Erickson,642283200000,https://raw.githubusercontent.com/provectus/internship/main/dataeng/02-src-data/1017.jpg
18,18,Jenee, Crouse,429566400000,https://raw.githubusercontent.com/provectus/internship/main/dataeng/02-src-data/1018.jpg
19,19,Wendy, Jarrette,650145600000,https://raw.githubusercontent.com/provectus/internship/main/dataeng/02-src-data/1019.jpg
20,20,Becky, Hanner,883429200000,https://raw.githubusercontent.com/provectus/internship/main/dataeng/02-src-data/1020.jpg
21,21,Ray, Nunes,352501200000,https://raw.githubusercontent.com/provectus/internship/main/dataeng/02-src-data/1021.jpg
22,22,John, Rose,919630800000,https://raw.githubusercontent.com/provectus/internship/main/dataeng/02-src-data/1022.jpg
23,23,Michael, Diaz,630277200000,https://raw.githubusercontent.com/provectus/internship/main/dataeng/02-src-data/1023.jpg
24,24,William, Quick,340059600000,https://raw.githubusercontent.com/provectus/internship/main/dataeng/02-src-data/1024.jpg
25,25,Dino, Miller,1074805200000,https://raw.githubusercontent.com/provectus/internship/main/dataeng/02-src-data/1025.jpg
26,26,James, Henry,954705600000,https://raw.githubusercontent.com/provectus/internship/main/dataeng/02-src-data/1026.jpg
27,27,Gregory, Pittman,398894400000,https://raw.githubusercontent.com/provectus/internship/main/dataeng/02-src-data/1027.jpg
28,28,Martha, Burwell,503269200000,https://raw.githubusercontent.com/provectus/internship/main/dataeng/02-src-data/1028.jpg
29,29,Jimmy, Deane,947365200000,https://raw.githubusercontent.com/provectus/internship/main/dataeng/02-src-data/1029.jpg
30,30,Kathleen, Gittens,921272400000,https://raw.githubusercontent.com/provectus/internship/main/dataeng/02-src-data/1030.jpg
31,31,Sidney, Woods,865972800000,https://raw.githubusercontent.com/provectus/internship/main/dataeng/02-src-data/1031.jpg
32,32,Robert, David,666997200000,https://raw.githubusercontent.com/provectus/internship/main/dataeng/02-src-data/1032.jpg
33,33,Jeanne, Shoup,1018468800000,https://raw.githubusercontent.com/provectus/internship/main/dataeng/02-src-data/1033.jpg
34,34,Brenda, Croyle,788302800000,https://raw.githubusercontent.com/provectus/internship/main/dataeng/02-src-data/1034.jpg
35,35,Adolph, Raymond,955915200000,https://raw.githubusercontent.com/provectus/internship/main/dataeng/02-src-data/1035.jpg
36,36,Ellen, Folkers,821394000000,https://raw.githubusercontent.com/provectus/internship/main/dataeng/02-src-data/1036.jpg
37,37,Patrick, Newell,853794000000,https://raw.githubusercontent.com/provectus/internship/main/dataeng/02-src-data/1037.jpg
38,38,Mary, Roman,750891600000,https://raw.githubusercontent.com/provectus/internship/main/dataeng/02-src-data/1038.jpg
39,39,Danielle, Robinson,887230800000,https://raw.githubusercontent.com/provectus/internship/main/dataeng/02-src-data/1039.jpg
40,40,Clara, Kimble,765403200000,https://raw.githubusercontent.com/provectus/internship/main/dataeng/02-src-data/1040.jpg
41,41,David, Bailey,1062446400000,https://raw.githubusercontent.com/provectus/internship/main/dataeng/02-src-data/1041.jpg
42,42,James, Nance,1063051200000,https://raw.githubusercontent.com/provectus/internship/main/dataeng/02-src-data/1042.jpg
43,43,John, Ramage,378507600000,https://raw.githubusercontent.com/provectus/internship/main/dataeng/02-src-data/1043.jpg
44,44,Christopher, Hardin,785883600000,https://raw.githubusercontent.com/provectus/internship/main/dataeng/02-src-data/1044.jpg
45,45,Suzanne, Ferguson,812581200000,https://raw.githubusercontent.com/provectus/internship/main/dataeng/02-src-data/1045.jpg
46,46,Margaret, Diaz,942872400000,https://raw.githubusercontent.com/provectus/internship/main/dataeng/02-src-data/1046.jpg
47,47,Kenneth, Osborn,793918800000,https://raw.githubusercontent.com/provectus/internship/main/dataeng/02-src-data/1047.jpg
48,48,Larry, Sanchez,1068930000000,https://raw.githubusercontent.com/provectus/internship/main/dataeng/02-src-data/1048.jpg
49,49,Brian, Brown,814050000000,https://raw.githubusercontent.com/provectus/internship/main/dataeng/02-src-data/1049.jpg
50,50,Warren, Green,443048400000,https://raw.githubusercontent.com/provectus/internship/main/dataeng/02-src-data/1050.jpg
51,51,Janet, Chavarria,1087588800000,https://raw.githubusercontent.com/provectus/internship/main/dataeng/02-src-data/1051.jpg
52,52,Carolyn, Seymore,385851600000,https://raw.githubusercontent.com/provectus/internship/main/dataeng/02-src-data/1052.jpg
53,53,Dorothy, Massey,356990400000,https://raw.githubusercontent.com/provectus/internship/main/dataeng/02-src-data/1053.jpg
54,54,Melissa, Denny,482011200000,https://raw.githubusercontent.com/provectus/internship/main/dataeng/02-src-data/1054.jpg
55,55,Jaclyn, Adams,614635200000,https://raw.githubusercontent.com/provectus/internship/main/dataeng/02-src-data/1055.jpg
56,56,Frances, Visher,906580800000,https://raw.githubusercontent.com/provectus/internship/main/dataeng/02-src-data/1056.jpg
57,57,Chad, Miller,971208000000,https://raw.githubusercontent.com/provectus/internship/main/dataeng/02-src-data/1057.jpg
58,58,Olivia, Stout,690674400000,https://raw.githubusercontent.com/provectus/internship/main/dataeng/02-src-data/1058.jpg
59,59,Wallace, Miller,821134800000,https://raw.githubusercontent.com/provectus/internship/main/dataeng/02-src-data/1059.jpg
60,60,Judith, Hatchett,925070400000,https://raw.githubusercontent.com/provectus/internship/main/dataeng/02-src-data/1060.jpg
61,61,Madelyn, Oliver,936907200000,https://raw.githubusercontent.com/provectus/internship/main/dataeng/02-src-data/1061.jpg
62,62,Robert, Kirk,506552400000,https://raw.githubusercontent.com/provectus/internship/main/dataeng/02-src-data/1062.jpg
63,63,Stephanie, Nelson,476571600000,https://raw.githubusercontent.com/provectus/internship/main/dataeng/02-src-data/1063.jpg
64,64,Barbara, Blankenship,655506000000,https://raw.githubusercontent.com/provectus/internship/main/dataeng/02-src-data/1064.jpg
65,65,Matthew, Bloom,531176400000,https://raw.githubusercontent.com/provectus/internship/main/dataeng/02-src-data/1065.jpg
66,66,Jeffrey, Mcdonald,686091600000,https://raw.githubusercontent.com/provectus/internship/main/dataeng/02-src-data/1066.jpg
67,67,Joseph, Carter,1081713600000,https://raw.githubusercontent.com/provectus/internship/main/dataeng/02-src-data/1067.jpg
68,68,Eloy, Florentino,848005200000,https://raw.githubusercontent.com/provectus/internship/main/dataeng/02-src-data/1068.jpg
69,69,David, Myles,432676800000,https://raw.githubusercontent.com/provectus/internship/main/dataeng/02-src-data/1069.jpg
70,70,Elizabeth, Hoover,334702800000,https://raw.githubusercontent.com/provectus/internship/main/dataeng/02-src-data/1070.jpg
71,71,Jerome, Weaver,1008795600000,https://raw.githubusercontent.com/provectus/internship/main/dataeng/02-src-data/1071.jpg
72,72,Morris, Hall,407019600000,https://raw.githubusercontent.com/provectus/internship/main/dataeng/02-src-data/1072.jpg
73,73,Myrtle, Ferro,840830400000,https://raw.githubusercontent.com/provectus/internship/main/dataeng/02-src-data/1073.jpg
74,74,Gisela, Patterson,464990400000,https://raw.githubusercontent.com/provectus/internship/main/dataeng/02-src-data/1074.jpg
75,75,Stacey, Bishop,493848000000,https://raw.githubusercontent.com/provectus/internship/main/dataeng/02-src-data/1075.jpg
76,76,Ray, Goins,933451200000,https://raw.githubusercontent.com/provectus/internship/main/dataeng/02-src-data/1076.jpg
77,77,Blake, Dickerson,508107600000,https://raw.githubusercontent.com/provectus/internship/main/dataeng/02-src-data/1077.jpg
78,78,David, May,601074000000,https://raw.githubusercontent.com/provectus/internship/main/dataeng/02-src-data/1078.jpg
79,79,Cindy, Wilcox,1021060800000,https://raw.githubusercontent.com/provectus/internship/main/dataeng/02-src-data/1079.jpg
80,80,Mary, Nelson,518644800000,https://raw.githubusercontent.com/provectus/internship/main/dataeng/02-src-data/1080.jpg
81,81,Amy, Smith,785710800000,https://raw.githubusercontent.com/provectus/internship/main/dataeng/02-src-data/1081.jpg
82,82,Joseph, Denton,463089600000,https://raw.githubusercontent.com/provectus/internship/main/dataeng/02-src-data/1082.jpg
83,83,Keith, Wiggin,461707200000,https://raw.githubusercontent.com/provectus/internship/main/dataeng/02-src-data/1083.jpg
84,84,Jody, Hochmuth,752446800000,https://raw.githubusercontent.com/provectus/internship/main/dataeng/02-src-data/1084.jpg
85,85,Beverly, Livesey,739224000000,https://raw.githubusercontent.com/provectus/internship/main/dataeng/02-src-data/1085.jpg
86,86,Nicole, Pharr,884552400000,https://raw.githubusercontent.com/provectus/internship/main/dataeng/02-src-data/1086.jpg
87,87,Aaron, Fox,1090094400000,https://raw.githubusercontent.com/provectus/internship/main/dataeng/02-src-data/1087.jpg
88,88,Rachel, Robinson,528148800000,https://raw.githubusercontent.com/provectus/internship/main/dataeng/02-src-data/1088.jpg
89,89,Leah, Costales,1072472400000,https://raw.githubusercontent.com/provectus/internship/main/dataeng/02-src-data/1089.jpg
90,90,Thomas, Williams,946501200000,https://raw.githubusercontent.com/provectus/internship/main/dataeng/02-src-data/1090.jpg
91,91,Opal, Morse,463780800000,https://raw.githubusercontent.com/provectus/internship/main/dataeng/02-src-data/1091.jpg
92,92,Alan, Mcgraw,469054800000,https://raw.githubusercontent.com/provectus/internship/main/dataeng/02-src-data/1092.jpg
93,93,Aaron, Towe,877809600000,https://raw.githubusercontent.com/provectus/internship/main/dataeng/02-src-data/1093.jpg
94,94,Cecil, Struck,416437200000,https://raw.githubusercontent.com/provectus/internship/main/dataeng/02-src-data/1094.jpg
95,95,Corey, Davis,1054411200000,https://raw.githubusercontent.com/provectus/internship/main/dataeng/02-src-data/1095.jpg
96,96,James, Peacock,503442000000,https://raw.githubusercontent.com/provectus/internship/main/dataeng/02-src-data/1096.jpg
97,97,John, Bausch,1013029200000,https://raw.githubusercontent.com/provectus/internship/main/dataeng/02-src-data/1097.jpg
98,98,Maria, Horton,702504000000,https://raw.githubusercontent.com/provectus/internship/main/dataeng/02-src-data/1098.jpg
99,99,Samuel, Ladner,815259600000,https://raw.githubusercontent.com/provectus/internship/main/dataeng/02-src-data/1099.jpg
